read_ID,start,length
M04808:132:000000000-CTP75:1:2102:23828:17093,5247888,336
M04808:132:000000000-CTP75:1:2111:28322:7996,5246163,4744
M04808:132:000000000-CTP75:1:2111:14520:11887,5246846,1631
M04808:132:000000000-CTP75:1:2111:14281:13299,5247012,2123
M04808:132:000000000-CTP75:1:2116:21840:17615,5247367,2462
M04808:132:000000000-CTP75:1:2116:15266:23712,5247247,3665
M04808:132:000000000-CTP75:1:2112:12856:11935,5247737,2608
M04808:132:000000000-CTP75:1:2112:15711:14676,5248165,794
M04808:132:000000000-CTP75:1:2115:3534:9488,5245965,2696
M04808:132:000000000-CTP75:1:2115:22575:13122,5248050,1356
M04808:132:000000000-CTP75:1:1105:12766:21215,5247853,468
M04808:132:000000000-CTP75:1:1103:23450:6276,5247063,2052
M04808:132:000000000-CTP75:1:1110:9454:6205,5247737,2061
M04808:132:000000000-CTP75:1:1110:23836:14832,5246885,1177
M04808:132:000000000-CTP75:1:1117:12536:6699,5247736,1933
M04808:132:000000000-CTP75:1:1113:11559:8031,5248054,308
