start,length,repeat_num
5245965,2696,1
5246163,4744,1
5246846,1631,1
5246885,1177,1
5247012,2123,1
5247063,2052,1
5247247,3665,1
5247367,2462,1
5247736,1933,1
5247737,2061,1
5247737,2608,1
5247853,468,1
5247888,336,1
5248050,1356,1
5248054,308,1
5248165,794,1
